                  epoch,         train/box_loss,         train/cls_loss,         train/dfl_loss,   metrics/precision(B),      metrics/recall(B),       metrics/mAP50(B),    metrics/mAP50-95(B),           val/box_loss,           val/cls_loss,           val/dfl_loss,                 lr/pg0,                 lr/pg1,                 lr/pg2
                      1,                 1.0357,                 1.1187,                  1.197,                0.54278,                0.49568,                0.48724,                0.33702,                 1.2316,                 1.6007,                 1.3236,             0.00023649,             0.00023649,             0.00023649
                      2,                 1.0529,                 1.1646,                 1.2114,                0.48627,                0.41594,                0.41855,                0.28603,                 1.2548,                 1.7418,                 1.3288,              0.0004698,              0.0004698,              0.0004698
                      3,                 1.0745,                 1.2296,                 1.2235,                0.44169,                0.45545,                0.42056,                0.28825,                 1.2557,                 1.7418,                 1.3522,             0.00069839,             0.00069839,             0.00069839
                      4,                  1.098,                 1.3042,                 1.2429,                0.46921,                0.43739,                0.39991,                0.26414,                 1.2875,                 1.7862,                 1.3672,             0.00069279,             0.00069279,             0.00069279
